link, date_joined, points, videos, questions, votes, answers, flags, project_request, project_replies, comments, tips_thx, last_date
https://www.khanacademy.org/profile/kaid_614402611139286093228391/,NA,NA,NA,0,0,NA,0,NA,NA,0,0,NA
https://www.khanacademy.org/profile/kaid_896965538702696832878421/,8 years ago,3164710,0,155,2793,320,66,16,3,4741,720,NA
https://www.khanacademy.org/profile/kaid_1118271948675562548704721/,NA,NA,NA,NA,0,0,0,NA,NA,0,0,NA
https://www.khanacademy.org/profile/kaid_44287171245368548908744/,7 years ago,1024065,0,8,152,1511,38,11,17,383,28,NA
https://www.khanacademy.org/profile/kaid_756283838199107732794881/,NA,NA,NA,0,32,NA,0,NA,NA,NA,0,NA
https://www.khanacademy.org/profile/kaid_107978685698667673890057/,NA,NA,NA,0,0,5,0,NA,NA,0,0,NA
https://www.khanacademy.org/profile/kaid_569011627390529778757716/,NA,NA,NA,3,6,0,0,2,NA,0,0,NA
https://www.khanacademy.org/profile/kaid_882484654783197878014738/,NA,NA,NA,NA,3,NA,0,NA,NA,NA,0,NA
https://www.khanacademy.org/profile/kaid_481802608512872365097525/,8 years ago,5763738,0,24,4694,2739,2,10,1333,2021,2243,NA
https://www.khanacademy.org/profile/kaid_207859386639996918287520/,NA,NA,NA,0,0,55,0,NA,NA,8,0,NA
https://www.khanacademy.org/profile/kaid_329989584305166460858587/,8 years ago,1548008,0,36,100,2,0,NA,NA,0,0,NA
https://www.khanacademy.org/profile/kaid_216263246392057096030602/,7 years ago,1400147,0,2,2348,3096,187,NA,538,2058,72,NA
https://www.khanacademy.org/profile/kaid_409110740883278220657399/,4 years ago,1684559,0,18,16,0,0,NA,NA,9,6,NA
https://www.khanacademy.org/profile/kaid_722641417497747886046018/,NA,NA,NA,6,10,NA,NA,4,3,NA,0,NA
https://www.khanacademy.org/profile/kaid_748578953787679402373029/,NA,NA,NA,NA,5,0,0,NA,NA,0,0,NA
https://www.khanacademy.org/profile/kaid_326878518310378972410486/,NA,NA,NA,NA,0,0,0,NA,NA,0,0,NA
https://www.khanacademy.org/profile/kaid_281720154101121015123395/,6 years ago,1494039,0,14,245,86,NA,12,157,28,5,NA
https://www.khanacademy.org/profile/kaid_549814937825539974702944/,NA,NA,NA,6,50,28,0,2,3,12,7,NA
https://www.khanacademy.org/profile/kaid_1093213896175233101296708/,7 years ago,1080408,0,NA,18,62,7,NA,NA,10,0,NA
https://www.khanacademy.org/profile/kaid_301214505153291816590625/,NA,NA,NA,25,NA,0,0,NA,NA,0,NA,NA
